{
  "IcoMoonType": "selection",
  "icons": [
    {
      "icon": {
        "paths": [
          "M658.286 475.429c0-141.143-114.857-256-256-256s-256 114.857-256 256 114.857 256 256 256 256-114.857 256-256zM950.857 950.857c0 40-33.143 73.143-73.143 73.143-19.429 0-38.286-8-51.429-21.714l-196-195.429c-66.857 46.286-146.857 70.857-228 70.857-222.286 0-402.286-180-402.286-402.286s180-402.286 402.286-402.286 402.286 180 402.286 402.286c0 81.143-24.571 161.143-70.857 228l196 196c13.143 13.143 21.143 32 21.143 51.429z"
        ],
        "width": 950.8571428571428,
        "attrs": [],
        "isMulticolor": false,
        "isMulticolor2": false,
        "tags": [
          "search"
        ],
        "defaultCode": 61442,
        "grid": 14
      },
      "attrs": [],
      "properties": {
        "name": "search",
        "id": 6,
        "order": 12,
        "prevSize": 28
      },
      "setIdx": 0,
      "setId": 3,
      "iconIdx": 6
    },
    {
      "icon": {
        "paths": [
          "M950.857 369.714c0 10.286-7.429 20-14.857 27.429l-207.429 202.286 49.143 285.714c0.571 4 0.571 7.429 0.571 11.429 0 14.857-6.857 28.571-23.429 28.571-8 0-16-2.857-22.857-6.857l-256.571-134.857-256.571 134.857c-7.429 4-14.857 6.857-22.857 6.857-16.571 0-24-13.714-24-28.571 0-4 0.571-7.429 1.143-11.429l49.143-285.714-208-202.286c-6.857-7.429-14.286-17.143-14.286-27.429 0-17.143 17.714-24 32-26.286l286.857-41.714 128.571-260c5.143-10.857 14.857-23.429 28-23.429s22.857 12.571 28 23.429l128.571 260 286.857 41.714c13.714 2.286 32 9.143 32 26.286z"
        ],
        "width": 950.8571428571428,
        "attrs": [],
        "isMulticolor": false,
        "isMulticolor2": false,
        "tags": [
          "star"
        ],
        "defaultCode": 61445,
        "grid": 14
      },
      "attrs": [],
      "properties": {
        "name": "star",
        "id": 9,
        "order": 11,
        "prevSize": 28
      },
      "setIdx": 0,
      "setId": 3,
      "iconIdx": 9
    },
    {
      "icon": {
        "paths": [
          "M954.857 323.429c0 14.286-5.714 28.571-16 38.857l-491.429 491.429c-10.286 10.286-24.571 16-38.857 16s-28.571-5.714-38.857-16l-284.571-284.571c-10.286-10.286-16-24.571-16-38.857s5.714-28.571 16-38.857l77.714-77.714c10.286-10.286 24.571-16 38.857-16s28.571 5.714 38.857 16l168 168.571 374.857-375.429c10.286-10.286 24.571-16 38.857-16s28.571 5.714 38.857 16l77.714 77.714c10.286 10.286 16 24.571 16 38.857z"
        ],
        "width": 1024,
        "attrs": [],
        "isMulticolor": false,
        "isMulticolor2": false,
        "tags": [
          "check"
        ],
        "defaultCode": 61452,
        "grid": 14
      },
      "attrs": [],
      "properties": {
        "name": "check",
        "id": 16,
        "order": 10,
        "prevSize": 28
      },
      "setIdx": 0,
      "setId": 3,
      "iconIdx": 16
    },
    {
      "icon": {
        "paths": [
          "M656.571 641.143c0-9.714-4-18.857-10.857-25.714l-103.429-103.429 103.429-103.429c6.857-6.857 10.857-16 10.857-25.714s-4-19.429-10.857-26.286l-51.429-51.429c-6.857-6.857-16.571-10.857-26.286-10.857s-18.857 4-25.714 10.857l-103.429 103.429-103.429-103.429c-6.857-6.857-16-10.857-25.714-10.857s-19.429 4-26.286 10.857l-51.429 51.429c-6.857 6.857-10.857 16.571-10.857 26.286s4 18.857 10.857 25.714l103.429 103.429-103.429 103.429c-6.857 6.857-10.857 16-10.857 25.714s4 19.429 10.857 26.286l51.429 51.429c6.857 6.857 16.571 10.857 26.286 10.857s18.857-4 25.714-10.857l103.429-103.429 103.429 103.429c6.857 6.857 16 10.857 25.714 10.857s19.429-4 26.286-10.857l51.429-51.429c6.857-6.857 10.857-16.571 10.857-26.286zM877.714 512c0 242.286-196.571 438.857-438.857 438.857s-438.857-196.571-438.857-438.857 196.571-438.857 438.857-438.857 438.857 196.571 438.857 438.857z"
        ],
        "width": 877.7142857142857,
        "attrs": [],
        "isMulticolor": false,
        "isMulticolor2": false,
        "tags": [
          "times-circle"
        ],
        "defaultCode": 61527,
        "grid": 14
      },
      "attrs": [],
      "properties": {
        "name": "times-circle",
        "id": 86,
        "order": 13,
        "prevSize": 28
      },
      "setIdx": 0,
      "setId": 3,
      "iconIdx": 86
    },
    {
      "icon": {
        "paths": [
          "M877.714 768v73.143c0 20-16.571 36.571-36.571 36.571h-804.571c-20 0-36.571-16.571-36.571-36.571v-73.143c0-20 16.571-36.571 36.571-36.571h804.571c20 0 36.571 16.571 36.571 36.571zM877.714 475.429v73.143c0 20-16.571 36.571-36.571 36.571h-804.571c-20 0-36.571-16.571-36.571-36.571v-73.143c0-20 16.571-36.571 36.571-36.571h804.571c20 0 36.571 16.571 36.571 36.571zM877.714 182.857v73.143c0 20-16.571 36.571-36.571 36.571h-804.571c-20 0-36.571-16.571-36.571-36.571v-73.143c0-20 16.571-36.571 36.571-36.571h804.571c20 0 36.571 16.571 36.571 36.571z"
        ],
        "width": 877.7142857142857,
        "attrs": [],
        "isMulticolor": false,
        "isMulticolor2": false,
        "tags": [
          "bars",
          "navicon",
          "reorder"
        ],
        "defaultCode": 61641,
        "grid": 14
      },
      "attrs": [],
      "properties": {
        "name": "bars, navicon, reorder",
        "id": 178,
        "order": 16,
        "prevSize": 28
      },
      "setIdx": 0,
      "setId": 3,
      "iconIdx": 178
    },
    {
      "icon": {
        "paths": [
          "M677.714 546.857l146.857-142.857-241.143-35.429-17.143-34.286-90.857-184v550.286l33.714 17.714 181.714 96-34.286-202.857-6.857-37.714zM936 397.143l-207.429 202.286 49.143 285.714c4 25.143-5.143 40-22.857 40-6.286 0-14.286-2.286-22.857-6.857l-256.571-134.857-256.571 134.857c-8.571 4.571-16.571 6.857-22.857 6.857-17.714 0-26.857-14.857-22.857-40l49.143-285.714-208-202.286c-24.571-24.571-16.571-48.571 17.714-53.714l286.857-41.714 128.571-260c7.429-15.429 17.714-23.429 28-23.429v0c10.286 0 20 8 28 23.429l128.571 260 286.857 41.714c34.286 5.143 42.286 29.143 17.143 53.714z"
        ],
        "width": 950.8571428571428,
        "attrs": [],
        "isMulticolor": false,
        "isMulticolor2": false,
        "tags": [
          "star-half-empty",
          "star-half-full",
          "star-half-o"
        ],
        "defaultCode": 61731,
        "grid": 14
      },
      "attrs": [],
      "properties": {
        "name": "star-half-empty, star-half-full, star-half-o",
        "id": 260,
        "order": 14,
        "prevSize": 28
      },
      "setIdx": 0,
      "setId": 3,
      "iconIdx": 260
    },
    {
      "icon": {
        "paths": [
          "M64 192h896v192h-896zM64 448h896v192h-896zM64 704h896v192h-896z"
        ],
        "tags": [
          "menu",
          "list",
          "options",
          "lines",
          "hamburger"
        ],
        "defaultCode": 59837,
        "grid": 16,
        "attrs": []
      },
      "attrs": [],
      "properties": {
        "ligatures": "menu, list3",
        "name": "menu",
        "order": 15,
        "id": 190,
        "prevSize": 32
      },
      "setIdx": 1,
      "setId": 1,
      "iconIdx": 189
    }
  ],
  "height": 1024,
  "preferences": {
    "showGlyphs": true,
    "showQuickUse": true,
    "showQuickUse2": true,
    "showSVGs": true,
    "fontPref": {
      "prefix": "icon-",
      "metadata": {
        "fontFamily": "icomoon"
      },
      "metrics": {
        "emSize": 1024,
        "baseline": 6.25,
        "whitespace": 50
      },
      "embed": false
    },
    "imagePref": {
      "prefix": "icon-",
      "png": false,
      "useClassSelector": true,
      "color": 0,
      "bgColor": 16777215,
      "classSelector": ".icon",
      "name": "icomoon",
      "height": 32,
      "columns": 16,
      "margin": 16
    },
    "historySize": 50,
    "showCodes": true,
    "gridSize": 16
  }
}